contrast,lhs,rhs,definition,metric,metric_label,unit,n_pairs,n_tasks,n_families,n_observed_metric_families,n_metric_complete_families,n_analysis_tasks,n_candidate_pairs,n_candidate_tasks,n_candidate_families,n_arm_complete_pairs,n_arm_complete_tasks,n_arm_complete_families,coverage_basis,missing_lhs_runs,missing_rhs_runs,missing_metric_pairs,missing_family_candidate_tasks,lhs_pair_mean,rhs_pair_mean,estimate,ci_low,ci_high,task_cluster_estimate,task_cluster_ci_low,task_cluster_ci_high,median_pair_delta
boundary_cost,PROJECT_READ_ONLY,BOUNDED_ORACLE,PROJECT_READ_ONLY - BOUNDED_ORACLE,semantic_pass,semantic pass,percentage_points,14,14,7,7,7,14,14,14,7,14,14,7,diagnostic_manifest,0,0,0,0,1.0,1.0,0.0,0.0,0.0,0.0,0.0,0.0,0.0
boundary_cost,PROJECT_READ_ONLY,BOUNDED_ORACLE,PROJECT_READ_ONLY - BOUNDED_ORACLE,policy_pass,policy pass,percentage_points,14,14,7,7,7,14,14,14,7,14,14,7,diagnostic_manifest,0,0,0,0,1.0,1.0,0.0,0.0,0.0,0.0,0.0,0.0,0.0
boundary_cost,PROJECT_READ_ONLY,BOUNDED_ORACLE,PROJECT_READ_ONLY - BOUNDED_ORACLE,hard_pass,Hard Pass,percentage_points,14,14,7,7,7,14,14,14,7,14,14,7,diagnostic_manifest,0,0,0,0,1.0,1.0,0.0,0.0,0.0,0.0,0.0,0.0,0.0
boundary_cost,PROJECT_READ_ONLY,BOUNDED_ORACLE,PROJECT_READ_ONLY - BOUNDED_ORACLE,first_schema_valid,first-schema valid,percentage_points,14,14,7,7,7,14,14,14,7,14,14,7,diagnostic_manifest,0,0,0,0,1.0,0.9285714285714286,0.07142857142857142,0.0,0.21428571428571427,0.07142857142857142,0.0,0.21428571428571427,0.0
boundary_cost,PROJECT_READ_ONLY,BOUNDED_ORACLE,PROJECT_READ_ONLY - BOUNDED_ORACLE,final_schema_valid,final-schema valid,percentage_points,14,14,7,7,7,14,14,14,7,14,14,7,diagnostic_manifest,0,0,0,0,1.0,1.0,0.0,0.0,0.0,0.0,0.0,0.0,0.0
boundary_cost,PROJECT_READ_ONLY,BOUNDED_ORACLE,PROJECT_READ_ONLY - BOUNDED_ORACLE,response_contract_valid,response-contract valid,percentage_points,14,14,7,7,7,14,14,14,7,14,14,7,diagnostic_manifest,0,0,0,0,1.0,1.0,0.0,0.0,0.0,0.0,0.0,0.0,0.0
boundary_cost,PROJECT_READ_ONLY,BOUNDED_ORACLE,PROJECT_READ_ONLY - BOUNDED_ORACLE,abstained,abstained,percentage_points,14,14,7,7,7,14,14,14,7,14,14,7,diagnostic_manifest,0,0,0,0,0.0,0.0,0.0,0.0,0.0,0.0,0.0,0.0,0.0
boundary_cost,PROJECT_READ_ONLY,BOUNDED_ORACLE,PROJECT_READ_ONLY - BOUNDED_ORACLE,answer_candidate_count,answer candidate count,candidates,14,14,7,7,7,14,14,14,7,14,14,7,diagnostic_manifest,0,0,0,0,3.857142857142857,3.857142857142857,0.0,0.0,0.0,0.0,0.0,0.0,0.0
boundary_cost,PROJECT_READ_ONLY,BOUNDED_ORACLE,PROJECT_READ_ONLY - BOUNDED_ORACLE,chance_reference,uniform-guess 1/K reference,ratio,14,14,7,7,7,14,14,14,7,14,14,7,diagnostic_manifest,0,0,0,0,0.2619047619047619,0.2619047619047619,0.0,0.0,0.0,0.0,0.0,0.0,0.0
boundary_cost,PROJECT_READ_ONLY,BOUNDED_ORACLE,PROJECT_READ_ONLY - BOUNDED_ORACLE,total_tokens,total tokens,tokens,14,14,7,7,7,14,14,14,7,14,14,7,diagnostic_manifest,0,0,0,0,8157.214285714285,4239.785714285715,3917.4285714285716,2477.785714285714,5701.071428571428,3917.4285714285716,2414.4928571428572,6031.657142857142,2839.5
boundary_cost,PROJECT_READ_ONLY,BOUNDED_ORACLE,PROJECT_READ_ONLY - BOUNDED_ORACLE,latency_ms,latency,ms,14,14,7,7,7,14,14,14,7,14,14,7,diagnostic_manifest,0,0,0,0,15416.996291642858,8539.207514928572,6877.7887767142865,3994.707808926786,10301.527797857143,6877.7887767142865,3965.5183247964287,10416.031066426785,5109.7554580000005
boundary_cost,PROJECT_READ_ONLY,BOUNDED_ORACLE,PROJECT_READ_ONLY - BOUNDED_ORACLE,grant_surface_count,grant surface,resource_paths,14,14,7,7,7,14,14,14,7,14,14,7,diagnostic_manifest,0,0,0,0,4.571428571428571,1.5,3.0714285714285716,2.142857142857143,4.642857142857143,3.0714285714285716,2.142857142857143,4.571428571428571,2.0
boundary_cost,PROJECT_READ_ONLY,BOUNDED_ORACLE,PROJECT_READ_ONLY - BOUNDED_ORACLE,read_surface_count,read surface,resource_paths,14,14,7,7,7,14,14,14,7,14,14,7,diagnostic_manifest,0,0,0,0,9.357142857142858,1.6428571428571428,7.714285714285714,5.428571428571429,11.5,7.714285714285714,5.571428571428571,11.0,5.0
boundary_cost,PROJECT_READ_ONLY,BOUNDED_ORACLE,PROJECT_READ_ONLY - BOUNDED_ORACLE,grant_amplification,grant amplification,ratio,14,14,7,7,7,14,14,14,7,14,14,7,diagnostic_manifest,0,0,0,0,0.49216674130467236,0.9761904761904762,-0.48402373488580386,-0.5286945812807882,-0.41623376623376623,-0.48402373488580386,-0.5265562024182714,-0.42153073219883574,-0.5
boundary_cost,PROJECT_READ_ONLY,BOUNDED_ORACLE,PROJECT_READ_ONLY - BOUNDED_ORACLE,canary_model_visible,Canary model-visible,percentage_points,14,14,7,7,7,14,14,14,7,14,14,7,diagnostic_manifest,0,0,0,0,1.0,0.0,1.0,1.0,1.0,1.0,1.0,1.0,1.0
boundary_cost,PROJECT_READ_ONLY,BOUNDED_ORACLE,PROJECT_READ_ONLY - BOUNDED_ORACLE,canary_result_leak,Canary result leak,percentage_points,14,14,7,7,7,14,14,14,7,14,14,7,diagnostic_manifest,0,0,0,0,0.0,0.0,0.0,0.0,0.0,0.0,0.0,0.0,0.0
boundary_cost,PROJECT_READ_ONLY,BOUNDED_ORACLE,PROJECT_READ_ONLY - BOUNDED_ORACLE,canary_exfiltrated,Canary exfiltrated,percentage_points,14,14,7,7,7,14,14,14,7,14,14,7,diagnostic_manifest,0,0,0,0,0.0,0.0,0.0,0.0,0.0,0.0,0.0,0.0,0.0
boundary_cost,PROJECT_READ_ONLY,BOUNDED_ORACLE,PROJECT_READ_ONLY - BOUNDED_ORACLE,need_resource_requested,NEED_RESOURCE run,percentage_points,14,14,7,7,7,14,14,14,7,14,14,7,diagnostic_manifest,0,0,0,0,0.0,0.0,0.0,0.0,0.0,0.0,0.0,0.0,0.0
boundary_cost,PROJECT_READ_ONLY,BOUNDED_ORACLE,PROJECT_READ_ONLY - BOUNDED_ORACLE,need_resource_count,NEED_RESOURCE count,requests,14,14,7,7,7,14,14,14,7,14,14,7,diagnostic_manifest,0,0,0,0,0.0,0.0,0.0,0.0,0.0,0.0,0.0,0.0,0.0
grant_selection_cost,BOUNDED_ORACLE,BOUNDED_INFERRED,BOUNDED_ORACLE - BOUNDED_INFERRED,semantic_pass,semantic pass,percentage_points,14,14,7,7,7,14,14,14,7,14,14,7,diagnostic_manifest,0,0,0,0,1.0,0.9285714285714286,0.07142857142857142,0.0,0.21428571428571427,0.07142857142857142,0.0,0.21428571428571427,0.0
grant_selection_cost,BOUNDED_ORACLE,BOUNDED_INFERRED,BOUNDED_ORACLE - BOUNDED_INFERRED,policy_pass,policy pass,percentage_points,14,14,7,7,7,14,14,14,7,14,14,7,diagnostic_manifest,0,0,0,0,1.0,1.0,0.0,0.0,0.0,0.0,0.0,0.0,0.0
grant_selection_cost,BOUNDED_ORACLE,BOUNDED_INFERRED,BOUNDED_ORACLE - BOUNDED_INFERRED,hard_pass,Hard Pass,percentage_points,14,14,7,7,7,14,14,14,7,14,14,7,diagnostic_manifest,0,0,0,0,1.0,0.9285714285714286,0.07142857142857142,0.0,0.21428571428571427,0.07142857142857142,0.0,0.21428571428571427,0.0
grant_selection_cost,BOUNDED_ORACLE,BOUNDED_INFERRED,BOUNDED_ORACLE - BOUNDED_INFERRED,first_schema_valid,first-schema valid,percentage_points,14,14,7,7,7,14,14,14,7,14,14,7,diagnostic_manifest,0,0,0,0,0.9285714285714286,0.9285714285714286,0.0,-0.21428571428571427,0.21428571428571427,0.0,-0.21428571428571427,0.21428571428571427,0.0
grant_selection_cost,BOUNDED_ORACLE,BOUNDED_INFERRED,BOUNDED_ORACLE - BOUNDED_INFERRED,final_schema_valid,final-schema valid,percentage_points,14,14,7,7,7,14,14,14,7,14,14,7,diagnostic_manifest,0,0,0,0,1.0,0.9285714285714286,0.07142857142857142,0.0,0.21428571428571427,0.07142857142857142,0.0,0.21428571428571427,0.0
grant_selection_cost,BOUNDED_ORACLE,BOUNDED_INFERRED,BOUNDED_ORACLE - BOUNDED_INFERRED,response_contract_valid,response-contract valid,percentage_points,14,14,7,7,7,14,14,14,7,14,14,7,diagnostic_manifest,0,0,0,0,1.0,0.9285714285714286,0.07142857142857142,0.0,0.21428571428571427,0.07142857142857142,0.0,0.21428571428571427,0.0
grant_selection_cost,BOUNDED_ORACLE,BOUNDED_INFERRED,BOUNDED_ORACLE - BOUNDED_INFERRED,abstained,abstained,percentage_points,14,14,7,7,7,14,14,14,7,14,14,7,diagnostic_manifest,0,0,0,0,0.0,0.0,0.0,0.0,0.0,0.0,0.0,0.0,0.0
grant_selection_cost,BOUNDED_ORACLE,BOUNDED_INFERRED,BOUNDED_ORACLE - BOUNDED_INFERRED,answer_candidate_count,answer candidate count,candidates,14,14,7,7,7,14,14,14,7,14,14,7,diagnostic_manifest,0,0,0,0,3.857142857142857,3.857142857142857,0.0,0.0,0.0,0.0,0.0,0.0,0.0
grant_selection_cost,BOUNDED_ORACLE,BOUNDED_INFERRED,BOUNDED_ORACLE - BOUNDED_INFERRED,chance_reference,uniform-guess 1/K reference,ratio,14,14,7,7,7,14,14,14,7,14,14,7,diagnostic_manifest,0,0,0,0,0.2619047619047619,0.2619047619047619,0.0,0.0,0.0,0.0,0.0,0.0,0.0
grant_selection_cost,BOUNDED_ORACLE,BOUNDED_INFERRED,BOUNDED_ORACLE - BOUNDED_INFERRED,total_tokens,total tokens,tokens,14,14,7,7,7,14,14,14,7,14,14,7,diagnostic_manifest,0,0,0,0,4239.785714285715,9302.92857142857,-5063.142857142857,-7776.978571428572,-3113.214285714286,-5063.142857142857,-7899.196428571428,-3221.5535714285716,-3358.5
grant_selection_cost,BOUNDED_ORACLE,BOUNDED_INFERRED,BOUNDED_ORACLE - BOUNDED_INFERRED,latency_ms,latency,ms,14,14,7,7,7,14,14,14,7,14,14,7,diagnostic_manifest,0,0,0,0,8539.207514928572,16256.172770857142,-7716.9652559285705,-13284.169448451785,-2633.6619462142853,-7716.9652559285705,-12861.835763510715,-3601.2770834982152,-5211.375271
grant_selection_cost,BOUNDED_ORACLE,BOUNDED_INFERRED,BOUNDED_ORACLE - BOUNDED_INFERRED,grant_surface_count,grant surface,resource_paths,14,14,7,7,7,14,14,14,7,14,14,7,diagnostic_manifest,0,0,0,0,1.5,2.357142857142857,-0.8571428571428571,-2.2857142857142856,0.0,-0.8571428571428571,-2.4285714285714284,0.0,0.0
grant_selection_cost,BOUNDED_ORACLE,BOUNDED_INFERRED,BOUNDED_ORACLE - BOUNDED_INFERRED,read_surface_count,read surface,resource_paths,14,14,7,7,7,14,14,14,7,14,14,7,diagnostic_manifest,0,0,0,0,1.6428571428571428,2.7857142857142856,-1.1428571428571428,-2.5714285714285716,-0.14285714285714285,-1.1428571428571428,-2.717857142857142,0.0,0.0
grant_selection_cost,BOUNDED_ORACLE,BOUNDED_INFERRED,BOUNDED_ORACLE - BOUNDED_INFERRED,grant_amplification,grant amplification,ratio,14,14,7,7,7,14,14,14,7,14,14,7,diagnostic_manifest,0,0,0,0,0.9761904761904762,0.9166666666666667,0.05952380952380953,0.0,0.13095238095238096,0.05952380952380953,0.0,0.1547619047619048,0.0
grant_selection_cost,BOUNDED_ORACLE,BOUNDED_INFERRED,BOUNDED_ORACLE - BOUNDED_INFERRED,canary_model_visible,Canary model-visible,percentage_points,14,14,7,7,7,14,14,14,7,14,14,7,diagnostic_manifest,0,0,0,0,0.0,0.0,0.0,0.0,0.0,0.0,0.0,0.0,0.0
grant_selection_cost,BOUNDED_ORACLE,BOUNDED_INFERRED,BOUNDED_ORACLE - BOUNDED_INFERRED,canary_result_leak,Canary result leak,percentage_points,14,14,7,7,7,14,14,14,7,14,14,7,diagnostic_manifest,0,0,0,0,0.0,0.0,0.0,0.0,0.0,0.0,0.0,0.0,0.0
grant_selection_cost,BOUNDED_ORACLE,BOUNDED_INFERRED,BOUNDED_ORACLE - BOUNDED_INFERRED,canary_exfiltrated,Canary exfiltrated,percentage_points,14,14,7,7,7,14,14,14,7,14,14,7,diagnostic_manifest,0,0,0,0,0.0,0.0,0.0,0.0,0.0,0.0,0.0,0.0,0.0
grant_selection_cost,BOUNDED_ORACLE,BOUNDED_INFERRED,BOUNDED_ORACLE - BOUNDED_INFERRED,need_resource_requested,NEED_RESOURCE run,percentage_points,14,14,7,7,7,14,14,14,7,14,14,7,diagnostic_manifest,0,0,0,0,0.0,0.0,0.0,0.0,0.0,0.0,0.0,0.0,0.0
grant_selection_cost,BOUNDED_ORACLE,BOUNDED_INFERRED,BOUNDED_ORACLE - BOUNDED_INFERRED,need_resource_count,NEED_RESOURCE count,requests,14,14,7,7,7,14,14,14,7,14,14,7,diagnostic_manifest,0,0,0,0,0.0,0.0,0.0,0.0,0.0,0.0,0.0,0.0,0.0
resource_request_value,BOUNDED_NEED_RESOURCE,BOUNDED_INFERRED,BOUNDED_NEED_RESOURCE - BOUNDED_INFERRED,semantic_pass,semantic pass,percentage_points,14,14,7,7,7,14,14,14,7,14,14,7,diagnostic_manifest,0,0,0,0,0.9285714285714286,0.9285714285714286,0.0,0.0,0.0,0.0,0.0,0.0,0.0
resource_request_value,BOUNDED_NEED_RESOURCE,BOUNDED_INFERRED,BOUNDED_NEED_RESOURCE - BOUNDED_INFERRED,policy_pass,policy pass,percentage_points,14,14,7,7,7,14,14,14,7,14,14,7,diagnostic_manifest,0,0,0,0,1.0,1.0,0.0,0.0,0.0,0.0,0.0,0.0,0.0
resource_request_value,BOUNDED_NEED_RESOURCE,BOUNDED_INFERRED,BOUNDED_NEED_RESOURCE - BOUNDED_INFERRED,hard_pass,Hard Pass,percentage_points,14,14,7,7,7,14,14,14,7,14,14,7,diagnostic_manifest,0,0,0,0,0.9285714285714286,0.9285714285714286,0.0,0.0,0.0,0.0,0.0,0.0,0.0
resource_request_value,BOUNDED_NEED_RESOURCE,BOUNDED_INFERRED,BOUNDED_NEED_RESOURCE - BOUNDED_INFERRED,first_schema_valid,first-schema valid,percentage_points,14,14,7,7,7,14,14,14,7,14,14,7,diagnostic_manifest,0,0,0,0,0.9285714285714286,0.9285714285714286,0.0,0.0,0.0,0.0,0.0,0.0,0.0
resource_request_value,BOUNDED_NEED_RESOURCE,BOUNDED_INFERRED,BOUNDED_NEED_RESOURCE - BOUNDED_INFERRED,final_schema_valid,final-schema valid,percentage_points,14,14,7,7,7,14,14,14,7,14,14,7,diagnostic_manifest,0,0,0,0,0.9285714285714286,0.9285714285714286,0.0,0.0,0.0,0.0,0.0,0.0,0.0
resource_request_value,BOUNDED_NEED_RESOURCE,BOUNDED_INFERRED,BOUNDED_NEED_RESOURCE - BOUNDED_INFERRED,response_contract_valid,response-contract valid,percentage_points,14,14,7,7,7,14,14,14,7,14,14,7,diagnostic_manifest,0,0,0,0,0.9285714285714286,0.9285714285714286,0.0,0.0,0.0,0.0,0.0,0.0,0.0
resource_request_value,BOUNDED_NEED_RESOURCE,BOUNDED_INFERRED,BOUNDED_NEED_RESOURCE - BOUNDED_INFERRED,abstained,abstained,percentage_points,14,14,7,7,7,14,14,14,7,14,14,7,diagnostic_manifest,0,0,0,0,0.0,0.0,0.0,0.0,0.0,0.0,0.0,0.0,0.0
resource_request_value,BOUNDED_NEED_RESOURCE,BOUNDED_INFERRED,BOUNDED_NEED_RESOURCE - BOUNDED_INFERRED,answer_candidate_count,answer candidate count,candidates,14,14,7,7,7,14,14,14,7,14,14,7,diagnostic_manifest,0,0,0,0,3.857142857142857,3.857142857142857,0.0,0.0,0.0,0.0,0.0,0.0,0.0
resource_request_value,BOUNDED_NEED_RESOURCE,BOUNDED_INFERRED,BOUNDED_NEED_RESOURCE - BOUNDED_INFERRED,chance_reference,uniform-guess 1/K reference,ratio,14,14,7,7,7,14,14,14,7,14,14,7,diagnostic_manifest,0,0,0,0,0.2619047619047619,0.2619047619047619,0.0,0.0,0.0,0.0,0.0,0.0,0.0
resource_request_value,BOUNDED_NEED_RESOURCE,BOUNDED_INFERRED,BOUNDED_NEED_RESOURCE - BOUNDED_INFERRED,total_tokens,total tokens,tokens,14,14,7,7,7,14,14,14,7,14,14,7,diagnostic_manifest,0,0,0,0,9243.785714285714,9302.92857142857,-59.142857142857146,-987.6428571428571,454.6517857142856,-59.142857142857146,-1000.4464285714287,450.0785714285713,397.0
resource_request_value,BOUNDED_NEED_RESOURCE,BOUNDED_INFERRED,BOUNDED_NEED_RESOURCE - BOUNDED_INFERRED,latency_ms,latency,ms,14,14,7,7,7,14,14,14,7,14,14,7,diagnostic_manifest,0,0,0,0,15933.897282785712,16256.172770857142,-322.2754880714287,-4772.634642714285,3776.434664355353,-322.27548807142875,-3864.7178057607143,2912.6951638160704,1718.4602704999998
resource_request_value,BOUNDED_NEED_RESOURCE,BOUNDED_INFERRED,BOUNDED_NEED_RESOURCE - BOUNDED_INFERRED,grant_surface_count,grant surface,resource_paths,14,14,7,7,7,14,14,14,7,14,14,7,diagnostic_manifest,0,0,0,0,2.357142857142857,2.357142857142857,0.0,0.0,0.0,0.0,0.0,0.0,0.0
resource_request_value,BOUNDED_NEED_RESOURCE,BOUNDED_INFERRED,BOUNDED_NEED_RESOURCE - BOUNDED_INFERRED,read_surface_count,read surface,resource_paths,14,14,7,7,7,14,14,14,7,14,14,7,diagnostic_manifest,0,0,0,0,2.7857142857142856,2.7857142857142856,0.0,0.0,0.0,0.0,0.0,0.0,0.0
resource_request_value,BOUNDED_NEED_RESOURCE,BOUNDED_INFERRED,BOUNDED_NEED_RESOURCE - BOUNDED_INFERRED,grant_amplification,grant amplification,ratio,14,14,7,7,7,14,14,14,7,14,14,7,diagnostic_manifest,0,0,0,0,0.9166666666666667,0.9166666666666667,0.0,0.0,0.0,0.0,0.0,0.0,0.0
resource_request_value,BOUNDED_NEED_RESOURCE,BOUNDED_INFERRED,BOUNDED_NEED_RESOURCE - BOUNDED_INFERRED,canary_model_visible,Canary model-visible,percentage_points,14,14,7,7,7,14,14,14,7,14,14,7,diagnostic_manifest,0,0,0,0,0.0,0.0,0.0,0.0,0.0,0.0,0.0,0.0,0.0
resource_request_value,BOUNDED_NEED_RESOURCE,BOUNDED_INFERRED,BOUNDED_NEED_RESOURCE - BOUNDED_INFERRED,canary_result_leak,Canary result leak,percentage_points,14,14,7,7,7,14,14,14,7,14,14,7,diagnostic_manifest,0,0,0,0,0.0,0.0,0.0,0.0,0.0,0.0,0.0,0.0,0.0
resource_request_value,BOUNDED_NEED_RESOURCE,BOUNDED_INFERRED,BOUNDED_NEED_RESOURCE - BOUNDED_INFERRED,canary_exfiltrated,Canary exfiltrated,percentage_points,14,14,7,7,7,14,14,14,7,14,14,7,diagnostic_manifest,0,0,0,0,0.0,0.0,0.0,0.0,0.0,0.0,0.0,0.0,0.0
resource_request_value,BOUNDED_NEED_RESOURCE,BOUNDED_INFERRED,BOUNDED_NEED_RESOURCE - BOUNDED_INFERRED,need_resource_requested,NEED_RESOURCE run,percentage_points,14,14,7,7,7,14,14,14,7,14,14,7,diagnostic_manifest,0,0,0,0,0.0,0.0,0.0,0.0,0.0,0.0,0.0,0.0,0.0
resource_request_value,BOUNDED_NEED_RESOURCE,BOUNDED_INFERRED,BOUNDED_NEED_RESOURCE - BOUNDED_INFERRED,need_resource_count,NEED_RESOURCE count,requests,14,14,7,7,7,14,14,14,7,14,14,7,diagnostic_manifest,0,0,0,0,0.0,0.0,0.0,0.0,0.0,0.0,0.0,0.0,0.0
